Zone,QNSES,PerRural,PerUninsured,PerForeignBorn,PerWhite,PerBlack,PerAPI,PerHispanic,PopAll
Statewide,,6.33602,17.77228,27.07267,40.12225,5.767024,13.36831,37.57683,29390200
A0113,2,6.596378,17.35121,5.506321,79.97687,1.28698,2.398019,10.33494,61501
A0629,2,3.464939,15.54083,5.740389,82.47266,0.8055537,3.97865,7.895082,60999
A0837,3,42.30682,18.56286,5.143183,80.65412,0.9580587,2.060277,10.48909,66984
A1112,2,23.51711,20.41598,5.780816,74.09338,1.396846,3.381371,9.188766,67639
B0031,2,50.05428,18.60031,11.09468,66.96794,0.6255615,1.565547,26.74248,91585
B0347,2,59.42842,14.88179,5.999809,73.82225,2.200385,2.343889,13.35402,73510
B0392,2,88.85567,17.08373,4.219018,84.71984,0.5803325,1.730842,6.940777,68509
B0464,2,76.3968,14.98012,6.10746,74.80895,4.861586,1.619042,13.87113,67828
